Family,Precision,Recall,F1
Ramnit,0.962378,0.991289,0.976615
Lollipop,0.995960,0.997550,0.996754
Keli_Ver3,1.000000,1.000000,1.000000
Vundo,0.981975,1.000000,0.990895
Simda,0.990476,1.000000,0.994987
Tracur,1.000000,0.987013,0.993463
Keli_Ver1,1.000000,0.982493,0.991156
Obf.ACY,0.995593,0.962293,0.978655
Gatak,0.999775,0.996841,0.998304
