Family,Precision,Recall,F1
Bagle,0.863636,0.95,0.9047617052
Benign,0.954128,0.962963,0.9585251418
Bifrose,0.93038,0.90184,0.91588772
Hupigon,0.935287,0.945679,0.940454293
Koobface,1,1,1
Ldpinch,0.692308,0.514286,0.5901642343
Lmir,0.833333,0.731707,0.7792204537
Rbot,0.641221,0.763636,0.6970950631
Sdbot,0.7,0.488372,0.5753424012
Swizzor,0.995708,0.995708,0.995708
Vundo,0.990859,0.981884,0.9863510841
Zbot,0.941799,0.936842,0.9393139602
Zlob,0.967254,0.992248,0.9795915972
